lifecycle_stage_final,row_count,percent,total_n
pre_adoption,53,9.671532846715328,548
procurement,20,3.6496350364963503,548
post_use,74,13.503649635036496,548
general_unspecified,401,73.17518248175182,548
