oem_group,eligible_n,positive_count,positive_pct,neutral_count,neutral_pct,negative_count,negative_pct,mean_compound,median_compound,small_sample_flag
legacy,21,14,66.66666666666667,5,23.80952380952381,2,9.523809523809524,0.35930000000000006,0.5106,False
new_age,27,16,59.25925925925926,7,25.925925925925927,4,14.814814814814815,0.2643259259259259,0.3597,False
