entity_name_canonical,entity_type,eligible_n,positive_count,positive_pct,neutral_count,neutral_pct,negative_count,negative_pct,mean_compound,median_compound,small_sample_flag,comparison_role
EKA Mobility,OEM,7,5,71.42857142857143,1,14.285714285714286,1,14.285714285714286,0.4955,0.7425,True,OEM
JBM Auto,OEM,11,7,63.63636363636363,2,18.181818181818183,2,18.181818181818183,0.2650636363636364,0.3008,True,OEM
NueGo,Operator,38,20,52.63157894736842,4,10.526315789473685,14,36.8421052631579,0.06847368421052631,0.1327,False,Operator (not an OEM)
Olectra Greentech,OEM,7,4,57.142857142857146,0,0.0,3,42.857142857142854,0.0972857142857143,0.4215,True,OEM
PMI Electro,OEM,6,4,66.66666666666667,2,33.333333333333336,0,0.0,0.24163333333333337,0.31565,True,OEM
Switch Mobility,OEM,7,3,42.857142857142854,4,57.142857142857146,0,0.0,0.2196428571428571,0.0,True,OEM
Tata Motors,OEM,10,7,70.0,3,30.0,0,0.0,0.46296,0.56465,True,OEM
