platform_canonical,eligible_n,positive_count,positive_pct,neutral_count,neutral_pct,negative_count,negative_pct,mean_compound,median_compound,small_sample_flag
Facebook,6,4,66.66666666666667,2,33.333333333333336,0,0.0,0.32415,0.33675,True
Forum,37,20,54.054054054054056,7,18.91891891891892,10,27.027027027027028,0.2465702702702703,0.3597,False
Instagram,6,4,66.66666666666667,0,0.0,2,33.333333333333336,0.14719999999999997,0.2532,True
Reddit,23,15,65.21739130434783,7,30.434782608695652,1,4.3478260869565215,0.2899869565217391,0.34,False
Review Platform,21,9,42.857142857142854,5,23.80952380952381,7,33.333333333333336,-0.041290476190476176,0.0,False
YouTube,345,173,50.14492753623188,107,31.014492753623188,65,18.840579710144926,0.1754040579710145,0.0754,False
