lifecycle_stage_final,eligible_n,positive_count,positive_pct,neutral_count,neutral_pct,negative_count,negative_pct,mean_compound,median_compound,small_sample_flag
pre_adoption,48,24,50.0,13,27.083333333333332,11,22.916666666666668,0.193275,0.1072,False
procurement,19,13,68.42105263157895,2,10.526315789473685,4,21.05263157894737,0.2875263157894737,0.3182,False
post_use,49,24,48.97959183673469,8,16.3265306122449,17,34.69387755102041,0.08478367346938775,0.0,False
general_unspecified,322,164,50.93167701863354,105,32.608695652173914,53,16.459627329192546,0.18439006211180123,0.0772,False
